Montanha,Altitude (metros),Face,Via,Grau Geral,Grau do Crux,Grau do Artificial (Passadas),Grau de Duração,Grau de Exposição,Extensão (metros),Conquistadores,Data da Conquista,Fonte
Morro do Leme,125,Nordeste (Forte Duque de Caxias),29 de dezembro,2,IIsup,,,,55,Jofre Telles;Marina Mello,05/08/2005,André Ilha; Kika Bradford. Guia de escaladas da Zona Sul e Ilhas Costeiras do Rio de Janeiro. Rio de Janeiro, 2011.
Morro do Leme,125,Nordeste (Forte Duque de Caxias),Fenda do Forte,,Vsup,,,,18,Ivan Cristie;Paulo Henrique 'PH' Santos,15/01/2005,André Ilha; Kika Bradford. Guia de escaladas da Zona Sul e Ilhas Costeiras do Rio de Janeiro. Rio de Janeiro, 2011.
Morro do Leme,125,Norte (Forte Duque de Caxias),Semisonic,3,V,,,E3,130,Paulo Henrique 'PH' Santos (solo encordado), 21/06/2004,André Ilha; Kika Bradford. Guia de escaladas da Zona Sul e Ilhas Costeiras do Rio de Janeiro. Rio de Janeiro, 2011.
Morro do Leme,125,Noroeste (Forte Duque de Caxias),Ratos de montanha,5,VIIb,,,E2/3,105,Leandro Chen; Marcos 'Snakinho' Piffer;Marcus Vinícius Ferreira;Patrícia Duffes; Paulo Henrique 'PH' Santos,14/04/2005,André Ilha; Kika Bradford. Guia de escaladas da Zona Sul e Ilhas Costeiras do Rio de Janeiro. Rio de Janeiro, 2011.
Morro do Leme,125,Noroeste (Forte Duque de Caxias),Paredão do Leme,2,III,,,,135,Alexandre Decker; Hélio Barroso; Nélson Busi,12/08/1967,André Ilha; Kika Bradford. Guia de escaladas da Zona Sul e Ilhas Costeiras do Rio de Janeiro. Rio de Janeiro, 2011.
Morro do Leme,125,Sudoeste (Praia do Leme/Copacabana),João Belamy,4,V,,,,100,Antônio 'Tonico' Magalhães; Juliano Magalhães; Felipe Barbosa,18/11/2006,André Ilha; Kika Bradford. Guia de escaladas da Zona Sul e Ilhas Costeiras do Rio de Janeiro. Rio de Janeiro, 2011.
Morro do Leme,125,Sudoeste (Praia do Leme/Copacabana),Ponto Noturno,4,VI,,,,100,Marcos Fontainha; Paulo Henrique 'PH' Santos,10/06/2005,André Ilha; Kika Bradford. Guia de escaladas da Zona Sul e Ilhas Costeiras do Rio de Janeiro. Rio de Janeiro, 2011.
Morro do Leme,125,Sudoeste (Praia do Leme/Copacabana),Variante da Laca,,IIIsup,,,,35,Paulo Henrique 'PH' Santos,12/2005,André Ilha; Kika Bradford. Guia de escaladas da Zona Sul e Ilhas Costeiras do Rio de Janeiro. Rio de Janeiro, 2011.
Morro do Leme,125,Sudoeste (Praia do Leme/Copacabana),Um dia de sol,4,VIsup,,,,95,Luiz Vulcanis; Pedro Bugim,15/10/2006,André Ilha; Kika Bradford. Guia de escaladas da Zona Sul e Ilhas Costeiras do Rio de Janeiro. Rio de Janeiro, 2011.
Morro do Leme,125,Sudoeste (Praia do Leme/Copacabana),Variante Mudança climática,,V,,,,30,Pedro Bugim (com auto-segurança),29/10/2006,André Ilha; Kika Bradford. Guia de escaladas da Zona Sul e Ilhas Costeiras do Rio de Janeiro. Rio de Janeiro, 2011.
Morro do Leme,125,Sudoeste (Praia do Leme/Copacabana),Um dia de sorte,,VIIa,,,,25,Pedro Bugim; Rodrigo Taveira,18/03/2007,André Ilha; Kika Bradford. Guia de escaladas da Zona Sul e Ilhas Costeiras do Rio de Janeiro. Rio de Janeiro, 2011.
Morro do Leme,125,Sudoeste (Praia do Leme/Copacabana),Diedro Mar Grosso,,IVsup,,,,25,Antônio 'Tonico' Magalhães; Juliano Magalhães,25/12/2004,André Ilha; Kika Bradford. Guia de escaladas da Zona Sul e Ilhas Costeiras do Rio de Janeiro. Rio de Janeiro, 2011.
Morro do Leme,125,Sudoeste (Praia do Leme/Copacabana),Tsunami,,III,,,,20,André Ilha;Rodolfo Campos,29/5/2005,André Ilha; Kika Bradford. Guia de escaladas da Zona Sul e Ilhas Costeiras do Rio de Janeiro. Rio de Janeiro, 2011.
Morro do Leme,125,Sudoeste (Praia do Leme/Copacabana),Travessia Dois em um,3,V,,,,70,Antônio 'Tonico' Magalhães; Felipe Barbosa; Juliano Magalhães,14/10/2005,André Ilha; Kika Bradford. Guia de escaladas da Zona Sul e Ilhas Costeiras do Rio de Janeiro. Rio de Janeiro, 2011.
Morro do Leme,125,Sudoeste (Praia do Leme/Copacabana),Depois da tempestade,,III,,,,20,Aline Garcia; Pedro Bugim,28/01/2006,André Ilha; Kika Bradford. Guia de escaladas da Zona Sul e Ilhas Costeiras do Rio de Janeiro. Rio de Janeiro, 2011.
Morro do Leme,125,Sudoeste (Praia do Leme/Copacabana),Maré negra,,V,,,E3,25,André Ilha; Yuri Berezovoy,15/01/2006,André Ilha; Kika Bradford. Guia de escaladas da Zona Sul e Ilhas Costeiras do Rio de Janeiro. Rio de Janeiro, 2011.
Morro do Leme,125,Sudoeste (Praia do Leme/Copacabana),Insolação,,IIIsup,,,,20,Antônio 'Tonico' Magalhães; Juliano Magalhães,23/12/2005,André Ilha; Kika Bradford. Guia de escaladas da Zona Sul e Ilhas Costeiras do Rio de Janeiro. Rio de Janeiro, 2011.
Morro do Leme,125,Sudoeste (Praia do Leme/Copacabana),Ressaca,,V,,,,15,Antônio 'Tonico' Magalhães; Juliano Magalhães,23/12/2005,André Ilha; Kika Bradford. Guia de escaladas da Zona Sul e Ilhas Costeiras do Rio de Janeiro. Rio de Janeiro, 2011.
Morro do Leme,125,Sudoeste (Praia do Leme/Copacabana),Rio 40 graus,,VIIa,,,,12,Antônio 'Tonico' Magalhães; Juliano Magalhães,26/12/2005,André Ilha; Kika Bradford. Guia de escaladas da Zona Sul e Ilhas Costeiras do Rio de Janeiro. Rio de Janeiro, 2011.
Morro do Leme,125,Sudoeste (Praia do Leme/Copacabana),Bicho-papão,,VIIIa/b,,,,10,André Ilha; Paulo Henrique 'PH' Santos,29/01/2006,André Ilha; Kika Bradford. Guia de escaladas da Zona Sul e Ilhas Costeiras do Rio de Janeiro. Rio de Janeiro, 2011.
Morro do Leme,125,Sudoeste (Praia do Leme/Copacabana),Marola,,VIIIb,,,,15,Marcos Fontainha; Paulo Henrique 'PH' Santos,08/01/2006,André Ilha; Kika Bradford. Guia de escaladas da Zona Sul e Ilhas Costeiras do Rio de Janeiro. Rio de Janeiro, 2011.
Morro do Leme,125,Falésia à beira-mar (Forte Duque de Caxias),Jovem Colonião,,VIIa,,,,20, Paulo Henrique 'PH' Santos (solo),06/04/2005,André Ilha; Kika Bradford. Guia de escaladas da Zona Sul e Ilhas Costeiras do Rio de Janeiro. Rio de Janeiro, 2011.
Morro do Urubu,120,Sudoeste (Forte Duque de Caxias),Arco do Triunfo,5,VIIa,,,,45,Marcus Vinícius; Paulo Henrique 'PH' Santos,03/04/2004,André Ilha; Kika Bradford. Guia de escaladas da Zona Sul e Ilhas Costeiras do Rio de Janeiro. Rio de Janeiro, 2011.
Morro do Urubu,120,Sudoeste (Forte Duque de Caxias),Unha de gato,4,VIIc,,,E2/3,45,Paulo Henrique 'PH' Santos; Thiago Pedroso,21/03/2004,André Ilha; Kika Bradford. Guia de escaladas da Zona Sul e Ilhas Costeiras do Rio de Janeiro. Rio de Janeiro, 2011.
Morro do Urubu,120,Sudoeste (Forte Duque de Caxias),Mundo cão,,VIIIb/c,,,,30,André Ilha; Paulo Henrique 'PH' Santos; Thiago Pedroso,08/05/2004,André Ilha; Kika Bradford. Guia de escaladas da Zona Sul e Ilhas Costeiras do Rio de Janeiro. Rio de Janeiro, 2011.
Morro do Urubu,120,Leste,Zé Buscapé,2,IIIsup,,,,105,Leonardi Cupollilo; Paulo Henrique 'PH' Santos,08/08/2004,André Ilha; Kika Bradford. Guia de escaladas da Zona Sul e Ilhas Costeiras do Rio de Janeiro. Rio de Janeiro, 2011.
Morro do Urubu,120,Leste,Variante do Zé,,Vsup,,,,20,Leonardi Cupollilo; Paulo Henrique 'PH' Santos,08/08/2004,André Ilha; Kika Bradford. Guia de escaladas da Zona Sul e Ilhas Costeiras do Rio de Janeiro. Rio de Janeiro, 2011.
Morro do Urubu,120,Falésia da Enseada,Estopim,,V,,,E2,35,Patrícia Duffles; Paulo Henrique 'PH' Santos,19/03/2005,André Ilha; Kika Bradford. Guia de escaladas da Zona Sul e Ilhas Costeiras do Rio de Janeiro. Rio de Janeiro, 2011.
Morro de São João,242,Face Sul (Parque da Chacrinha),Ascensão e Queda,5,VI,A0(3),,E2/3,110,Alfredo Neto;Flávio Abreu;Guilherme 'Piu-Piu' Fonseca,10/10/2002,André Ilha; Kika Bradford. Guia de escaladas da Zona Sul e Ilhas Costeiras do Rio de Janeiro. Rio de Janeiro, 2011.
Morro de São João,242,Face Sul (Parque da Chacrinha),Variante João Sebastião,,IV,,,,20,Alfredo Neto;Ricardo Bemvindo,29/12/2002,André Ilha; Kika Bradford. Guia de escaladas da Zona Sul e Ilhas Costeiras do Rio de Janeiro. Rio de Janeiro, 2011.
Morro de São João,242,Face Sul (Parque da Chacrinha),Fissura do inglês,4,VIsup,,,E2/3,170,Heckel Capucci; Rodolfo Chermont,13/03/1970,André Ilha; Kika Bradford. Guia de escaladas da Zona Sul e Ilhas Costeiras do Rio de Janeiro. Rio de Janeiro, 2011.
Morro de São João,242,Face Sul (Parque da Chacrinha),Sucata,3,IIIsup,,,E2/3,160,Álvaro Borges; Carlos Eduardo 'Cadu' Pinto; Heldo da Fonseca; Sebastião Cazeiro,16/10/1971,André Ilha; Kika Bradford. Guia de escaladas da Zona Sul e Ilhas Costeiras do Rio de Janeiro. Rio de Janeiro, 2011.
Morro de São João,242,Face Sul (Parque da Chacrinha),Fissura São João,4,VI,,,E2/3,105,Alfredo Maciel;Arcindo Madeira;Edi Martins; Mário Arnauld,12/02/1978,André Ilha; Kika Bradford. Guia de escaladas da Zona Sul e Ilhas Costeiras do Rio de Janeiro. Rio de Janeiro, 2011.
Morro de São João,242,Face Sul (Parque da Chacrinha),Variante Baba Roga,,VI,,,,40,Marcello Ramos;Predrag Panevski; Russ Clune,1984,André Ilha; Kika Bradford. Guia de escaladas da Zona Sul e Ilhas Costeiras do Rio de Janeiro. Rio de Janeiro, 2011.
Morro de São João,242,Face Sul (Parque da Chacrinha),Andrômeda,,VIIIc,,,,30,José Marcos; Marcello Ramos; Marcelo Braga; Pascal,1986,André Ilha; Kika Bradford. Guia de escaladas da Zona Sul e Ilhas Costeiras do Rio de Janeiro. Rio de Janeiro, 2011.
Morro de São João,242,Face Sul (Parque da Chacrinha),Sombras eternas,,IXa,,,,20,Alexandre Barradas; André Luís; Eduardo Bittencourt; Márcio Lozada,1990,André Ilha; Kika Bradford. Guia de escaladas da Zona Sul e Ilhas Costeiras do Rio de Janeiro. Rio de Janeiro, 2011.
Morro de São João,242,Face Sul (Parque da Chacrinha),Filhos do meio-fio,,VIIIc,,,,30,Alexandre Portela; Luis Cláudio 'Pita' Bittencourt; Sérgio Tartari,,André Ilha; Kika Bradford. Guia de escaladas da Zona Sul e Ilhas Costeiras do Rio de Janeiro. Rio de Janeiro, 2011.
Morro de São João,242,Face Sul (Parque da Chacrinha),Meteorito,,VIIIc,,,,30,Alexandre Portela; Sérgio Tartari,,André Ilha; Kika Bradford. Guia de escaladas da Zona Sul e Ilhas Costeiras do Rio de Janeiro. Rio de Janeiro, 2011.
Morro de São João,242,Face Sul (Parque da Chacrinha),Nebulosa,,VIIIb,,,,30,Alexandre Portela; Sérgio Tartari,,André Ilha; Kika Bradford. Guia de escaladas da Zona Sul e Ilhas Costeiras do Rio de Janeiro. Rio de Janeiro, 2011.
Morro de São João (Pedra da Abelha),242,Face Sul (Parque da Chacrinha),Shackleton,,VI,,,,15,Alfredo Neto; Hernando Bedoya; Sérgio 'Bula' Rozencwaig,26/01/2002,André Ilha; Kika Bradford. Guia de escaladas da Zona Sul e Ilhas Costeiras do Rio de Janeiro. Rio de Janeiro, 2011.
Morro de São João,242,Face Noroeste (Balancé),Copa do Mundo,,IV,,,,45,Hildson 'Hillo' Santana; André Almeida; Robson Richers,1994,André Ilha; Kika Bradford. Guia de escaladas da Zona Sul e Ilhas Costeiras do Rio de Janeiro. Rio de Janeiro, 2011.
Morro de São João,242,Face Noroeste (Cemitério São João Batista),Olhos de anjo,3,Vsup,,,E2/3,85,Ana Paula Braga; Renato Souto,20/10/1998,André Ilha; Kika Bradford. Guia de escaladas da Zona Sul e Ilhas Costeiras do Rio de Janeiro. Rio de Janeiro, 2011.
Morro de São João,242,Face Noroeste (Cemitério São João Batista),São Pedro,2,IVsup,,,,110,Edi Martins; Mário Arnaud,23/02/1979,André Ilha; Kika Bradford. Guia de escaladas da Zona Sul e Ilhas Costeiras do Rio de Janeiro. Rio de Janeiro, 2011.
Morro de São João,242,Face Noroeste (Cemitério São João Batista),Balança-Mas-Não-Cai,4,VIIa,,,E2/3,100,Daniel 'Goiaba' Lacerda; Eloy Corso; Hildson 'Hillo' Santana; Marcelo Moraes; Sancho Corá,,André Ilha; Kika Bradford. Guia de escaladas da Zona Sul e Ilhas Costeiras do Rio de Janeiro. Rio de Janeiro, 2011.
Morro de São João,242,Face Noroeste (Cemitério São João Batista),Francesco Berardi,4,V,,,E2/3,85,Juratan Câmara; Marco Vidon,198?,André Ilha; Kika Bradford. Guia de escaladas da Zona Sul e Ilhas Costeiras do Rio de Janeiro. Rio de Janeiro, 2011.
Morro de São João,242,Face Noroeste (Cemitério São João Batista),Nós e a eternidade,4,VI,,,,60,André Ilha; Marco Vidon,23/01/1988,André Ilha; Kika Bradford. Guia de escaladas da Zona Sul e Ilhas Costeiras do Rio de Janeiro. Rio de Janeiro, 2011.
Morro de São João,242,Face Noroeste (Cemitério São João Batista),Sete Palmos,4,VIIb,,,,60,Juratan Câmara; Marco Vidon,03/05/1988,André Ilha; Kika Bradford. Guia de escaladas da Zona Sul e Ilhas Costeiras do Rio de Janeiro. Rio de Janeiro, 2011.
Morro de São João,242,Face Noroeste (Cemitério São João Batista),Forças ocultas,3,VIIb,,,,60,André Ilha; Marco Vidon,26/04/1988,André Ilha; Kika Bradford. Guia de escaladas da Zona Sul e Ilhas Costeiras do Rio de Janeiro. Rio de Janeiro, 2011.
Agulha do Inhangá,164,Face Leste,Aristóteles contemplando o busto de Homero,,,A2,,,55,Alain Villaume,196?,André Ilha; Kika Bradford. Guia de escaladas da Zona Sul e Ilhas Costeiras do Rio de Janeiro. Rio de Janeiro, 2011.
Agulha do Inhangá,164,Face Sudeste,Via normal,,II,,,,10,,,André Ilha; Kika Bradford. Guia de escaladas da Zona Sul e Ilhas Costeiras do Rio de Janeiro. Rio de Janeiro, 2011.
Agulha do Inhangá,164,Face Sudeste,Chamonix,,III (A1/VIIIa),,,,50,Alexandre Decker; Anselmo Pires; Jair Lourenço; Jaime Pitaluga; Juarez Trigueiro,23/01/1965,André Ilha; Kika Bradford. Guia de escaladas da Zona Sul e Ilhas Costeiras do Rio de Janeiro. Rio de Janeiro, 2011.
Agulha do Inhangá,164,Face Sudoeste,Variante central,,,,,,,Etzel von Stockert; José 'Tião' Sebastião; Mauro de Andrade; Raimundo Minchetti,1961,André Ilha; Kika Bradford. Guia de escaladas da Zona Sul e Ilhas Costeiras do Rio de Janeiro. Rio de Janeiro, 2011.
Agulha do Inhangá,164,Face Sudoeste,Passo do gigante,2,,,,,,,,André Ilha; Kika Bradford. Guia de escaladas da Zona Sul e Ilhas Costeiras do Rio de Janeiro. Rio de Janeiro, 2011.
Agulha do Inhangá,164,Face Sudoeste,Jânio Quadros,2,,,,,,Carlos Cerqueira; José Schuster; Raimundo Minchetti; Rogério Santana,1963,André Ilha; Kika Bradford. Guia de escaladas da Zona Sul e Ilhas Costeiras do Rio de Janeiro. Rio de Janeiro, 2011.
Agulha do Inhangá,164,Face Sudoeste,Variante Luis Carlos Teixeira da Silva,2,,A1,,,,Ernani Soares; Frederico Lohmann; Jadyr Santiago; Jean Pierre Von Der Weid; Luis Carlos David; Marcos Teixeira,06/04/1968,André Ilha; Kika Bradford. Guia de escaladas da Zona Sul e Ilhas Costeiras do Rio de Janeiro. Rio de Janeiro, 2011.
Morro dos Cabritos,379,Falésia do Muro,Aresta Fuligem,,VI,,,E2/3,12,André 'Batata' Padrenosso; Marcus 'Kiko' Araújo; Ricardo Bastos,05/08/2007,André Ilha; Kika Bradford. Guia de escaladas da Zona Sul e Ilhas Costeiras do Rio de Janeiro. Rio de Janeiro, 2011.
Morro dos Cabritos,379,Falésia Laranjão,Bagaço da laranja,,VIIc,,,,12,Júlio Campanella,1994,André Ilha; Kika Bradford. Guia de escaladas da Zona Sul e Ilhas Costeiras do Rio de Janeiro. Rio de Janeiro, 2011.
Morro dos Cabritos,379,Face Norte/Noroeste (Lagoa/Fonte da Saudade),Bem-Te-Vi,3,IV,,,,160,André Ilha; José 'Camelô' Lozada; Renato Souto,13/09/1990,André Ilha; Kika Bradford. Guia de escaladas da Zona Sul e Ilhas Costeiras do Rio de Janeiro. Rio de Janeiro, 2011.
Morro dos Cabritos,379,Face Norte/Noroeste (Lagoa/Fonte da Saudade),Encruzilhada,4,IVsup,,,E2/3,235,Júlio Campanella; Leandro Moura,22/08/2002,André Ilha; Kika Bradford. Guia de escaladas da Zona Sul e Ilhas Costeiras do Rio de Janeiro. Rio de Janeiro, 2011.
Morro dos Cabritos,379,Face Norte/Noroeste (Lagoa/Fonte da Saudade),Via do Beto,4,IVsup,,,E5,180,Herbert Fortes,,André Ilha; Kika Bradford. Guia de escaladas da Zona Sul e Ilhas Costeiras do Rio de Janeiro. Rio de Janeiro, 2011.
Morro dos Cabritos,379,Face Norte/Noroeste (Lagoa/Fonte da Saudade),Amnésia Audaciosa,4,IVsup,,,E2/3,120,André Ilha; Bóris Flegr; Carlos 'Chuchu' Arruzo; Francisco 'Playboy' Castagnaro; Ivan Azevedo; Monique Correa; Rodolfo Campos,15/04/2007,André Ilha; Kika Bradford. Guia de escaladas da Zona Sul e Ilhas Costeiras do Rio de Janeiro. Rio de Janeiro, 2011.
Morro dos Cabritos,379,Face Norte/Noroeste (Lagoa/Fonte da Saudade),Lagoa,3,IV,,,,245,Fernando Gusmão; Gilberto Chiarelli; José Carlos Almeida,17/10/1970,André Ilha; Kika Bradford. Guia de escaladas da Zona Sul e Ilhas Costeiras do Rio de Janeiro. Rio de Janeiro, 2011.
Morro dos Cabritos,379,Face Norte/Noroeste (Lagoa/Fonte da Saudade),O satânico Dr. Pow,4,IVsup,,,E2/3,215,Bruno Dias; Jean Pierre Von Der Weid; Luis Alexandre; Pedro 'Pow' Aragão; Ricardo Moraes,04/06/2004,André Ilha; Kika Bradford. Guia de escaladas da Zona Sul e Ilhas Costeiras do Rio de Janeiro. Rio de Janeiro, 2011.
Morro dos Cabritos,379,Face Norte/Noroeste (Lagoa/Fonte da Saudade),Cabrito Cabreiro,4,V,,,E2/3,230,André Kühner; Júlio Campanella; Nilton Campos,11/09/2000,André Ilha; Kika Bradford. Guia de escaladas da Zona Sul e Ilhas Costeiras do Rio de Janeiro. Rio de Janeiro, 2011.
Morro dos Cabritos,379,Face Norte/Noroeste (Lagoa/Fonte da Saudade),Variante de A fogueira das vaidades,,IVsup,,,,30,,,André Ilha; Kika Bradford. Guia de escaladas da Zona Sul e Ilhas Costeiras do Rio de Janeiro. Rio de Janeiro, 2011.
Morro dos Cabritos,379,Face Norte/Noroeste (Lagoa/Fonte da Saudade),A fogueira das vaidades,4,V,,,E2/3,165,Arthur Solleiro; Pedro 'Pow' Aragão; Ricardo de Moraes, 04/01/2002,André Ilha; Kika Bradford. Guia de escaladas da Zona Sul e Ilhas Costeiras do Rio de Janeiro. Rio de Janeiro, 2011.
Morro dos Cabritos,379,Face Norte/Noroeste (Lagoa/Fonte da Saudade),Grande guerreiro,4,IV,,,E2/3,220,Frederico Noritomi; Guiderlan 'Dolly' Mantovani; Hernande Oliveira; Manuel do Rosário; Rodolfo Campos,24/03/2002,André Ilha; Kika Bradford. Guia de escaladas da Zona Sul e Ilhas Costeiras do Rio de Janeiro. Rio de Janeiro, 2011.
Morro dos Cabritos,379,Face Norte/Noroeste (Lagoa/Fonte da Saudade),Cabrito em chamas,4,IVsup,,,E3,170,André Kühner; Arianne Carvalhedo; Gabriela Saliba,09/2001,André Ilha; Kika Bradford. Guia de escaladas da Zona Sul e Ilhas Costeiras do Rio de Janeiro. Rio de Janeiro, 2011.
Morro dos Cabritos,379,Face Norte/Noroeste (Lagoa/Fonte da Saudade),Variante Diurrurru,3,IVsup,,,E2/3,80,Alexrande Aragão; Álvaro Loureiro; Felipe Assad,2002,André Ilha; Kika Bradford. Guia de escaladas da Zona Sul e Ilhas Costeiras do Rio de Janeiro. Rio de Janeiro, 2011.
Morro dos Cabritos,379,Face Norte/Noroeste (Lagoa/Fonte da Saudade),Os exércitos de um homem só,3,III,,,,200,Pedro 'Pow' Aragão,08/10/2001,André Ilha; Kika Bradford. Guia de escaladas da Zona Sul e Ilhas Costeiras do Rio de Janeiro. Rio de Janeiro, 2011.
Morro dos Cabritos,379,Face Norte/Noroeste (Lagoa/Fonte da Saudade),Carioca,2,III,,,,100,Francisco Menescal; Hudson Machado; Jarci Machado; Luiz Menescal; Ricardo Menescal,07/12/1947,André Ilha; Kika Bradford. Guia de escaladas da Zona Sul e Ilhas Costeiras do Rio de Janeiro. Rio de Janeiro, 2011.
Morro dos Cabritos,379,Falésia do mirante,Es muerto,,Vsup,,,E4/5,25,Hernande Oliveira; Rodolfo Campos,18/08/2001,André Ilha; Kika Bradford. Guia de escaladas da Zona Sul e Ilhas Costeiras do Rio de Janeiro. Rio de Janeiro, 2011.
Morro dos Cabritos,379,Face Oeste/Sudoeste (Parque da Catacumba),PFF2,2,II,,,,400,Ferando Fuhrkin; Paulo Favaron,1992,André Ilha; Kika Bradford. Guia de escaladas da Zona Sul e Ilhas Costeiras do Rio de Janeiro. Rio de Janeiro, 2011.
Morro dos Cabritos,379,Face Oeste/Sudoeste (Parque da Catacumba),Cristal acima,3,IV,,,E2/E3,135,Fábio Serfaty; Márcio Carilho,2005,André Ilha; Kika Bradford. Guia de escaladas da Zona Sul e Ilhas Costeiras do Rio de Janeiro. Rio de Janeiro, 2011.
Morro dos Cabritos,379,Face Oeste/Sudoeste (Parque da Catacumba),Chuva de pedra,4,VI,,,,140,Ana Cláudia 'Lila' Flosi; Ian Lima; Rodrigo Motta,13/10/2010,André Ilha; Kika Bradford. Guia de escaladas da Zona Sul e Ilhas Costeiras do Rio de Janeiro. Rio de Janeiro, 2011.
Morro dos Cabritos,379,Face Oeste/Sudoeste (Parque da Catacumba),Tamau,3,III,,,,280,Luiz Octávio 'Tavinho' Cardozo; Maurício Mota,1977,André Ilha; Kika Bradford. Guia de escaladas da Zona Sul e Ilhas Costeiras do Rio de Janeiro. Rio de Janeiro, 2011.
Morro dos Cabritos,379,Face Oeste/Sudoeste (Parque da Catacumba),Onde as ruas não têm nome,5,VI,,,E4/5,95,Alcino Falcão; Luis Cláudio 'Ralf' Cortes,,André Ilha; Kika Bradford. Guia de escaladas da Zona Sul e Ilhas Costeiras do Rio de Janeiro. Rio de Janeiro, 2011.
Morro dos Cabritos,379,Face Oeste/Sudoeste (Parque da Catacumba),Casa da mãe Joana,4,IVsup,,,E4,200,Alexandre Portela; Herbert Fortes; Fernando Vieira,04/02/2003,André Ilha; Kika Bradford. Guia de escaladas da Zona Sul e Ilhas Costeiras do Rio de Janeiro. Rio de Janeiro, 2011.
Morro dos Cabritos,379,Face Oeste/Sudoeste (Parque da Catacumba),Eram os deuses astronautas,4,IVsup,,,,150,Toti 'Pitoco' Jordan; Eduardo Luna,2003,André Ilha; Kika Bradford. Guia de escaladas da Zona Sul e Ilhas Costeiras do Rio de Janeiro. Rio de Janeiro, 2011.
Morro dos Cabritos,379,Face Oeste/Sudoeste (Parque da Catacumba),Padecendo no paraíso,5,VIIa,,,,90,Fernando Vieira; Juliano Lindner; Márcio Carrilho,03/02/2001,André Ilha; Kika Bradford. Guia de escaladas da Zona Sul e Ilhas Costeiras do Rio de Janeiro. Rio de Janeiro, 2011.
Morro dos Cabritos,379,Face Oeste/Sudoeste (Parque da Catacumba),Última opção/Opção completa,3,VI,,,,270,Alexandre Siqueira; Jacques Cardeman; Leonardo 'Leo' Siqueira; Márcio Amaral; Michel Cipolati; Guilherme 'Piu-Piu' Fonseca; Miguel Rego,28/05/1998,André Ilha; Kika Bradford. Guia de escaladas da Zona Sul e Ilhas Costeiras do Rio de Janeiro. Rio de Janeiro, 2011.
Morro dos Cabritos,379,Face Oeste/Sudoeste (Parque da Catacumba),Variante Opção vertical,,IIIsup,,,,25,Jacques Cardeman; Leonardo 'Leo' Siqueira; Márcio Amaral,04/06/1997,André Ilha; Kika Bradford. Guia de escaladas da Zona Sul e Ilhas Costeiras do Rio de Janeiro. Rio de Janeiro, 2011.
Morro dos Cabritos,379,Face Oeste/Sudoeste (Parque da Catacumba),Dirceu Gouveia,2,III,,,,270,Juratan Câmara; Luciano Perez,1985,André Ilha; Kika Bradford. Guia de escaladas da Zona Sul e Ilhas Costeiras do Rio de Janeiro. Rio de Janeiro, 2011.
Morro dos Cabritos,379,Face Oeste/Sudoeste (Parque da Catacumba),Lilith,2,IIIsup,,,,90,Kátia Torres; Lilian White; Sílvia Fittipaldi; Valéria Conforto,10/08/1987,André Ilha; Kika Bradford. Guia de escaladas da Zona Sul e Ilhas Costeiras do Rio de Janeiro. Rio de Janeiro, 2011.
Morro dos Cabritos,379,Face Oeste/Sudoeste (Parque da Catacumba),Variante Eva,,II,,,,25,Kátia Torres; Lilian White; Sílvia Fittipaldi; Valéria Conforto,1987,André Ilha; Kika Bradford. Guia de escaladas da Zona Sul e Ilhas Costeiras do Rio de Janeiro. Rio de Janeiro, 2011.
Morro dos Cabritos,379,Face Oeste/Sudoeste (Parque da Catacumba),Ferrugem,2,III,,,,270,,,André Ilha; Kika Bradford. Guia de escaladas da Zona Sul e Ilhas Costeiras do Rio de Janeiro. Rio de Janeiro, 2011.
Morro dos Cabritos,379,Face Oeste/Sudoeste (Parque da Catacumba),Antares,2,II,,,,320,Denise Emmer; Giuseppe Pellegrini,02/11/1977,André Ilha; Kika Bradford. Guia de escaladas da Zona Sul e Ilhas Costeiras do Rio de Janeiro. Rio de Janeiro, 2011.
Morro dos Cabritos,379,Face Oeste/Sudoeste (Parque da Catacumba),Variante Arcturus,,IIsup,,,,30,Carlos Carrozino; Rafael Villaça,02/11/2007,André Ilha; Kika Bradford. Guia de escaladas da Zona Sul e Ilhas Costeiras do Rio de Janeiro. Rio de Janeiro, 2011.
Morro dos Cabritos,379,Face Oeste/Sudoeste (Parque da Catacumba),La Belle de Jour,2,Vsup,,,E3,205,Autor Desconhecido;André Araújo; Flávio Leone,2003,André Ilha; Kika Bradford. Guia de escaladas da Zona Sul e Ilhas Costeiras do Rio de Janeiro. Rio de Janeiro, 2011.
Morro dos Cabritos,379,Face Sul (Rua Constante Ramos),Frank Justus,3,IIIsup,,,,200,Marcelo 'Pedal Verde' Silva; Ricardo Lima,200?,André Ilha; Kika Bradford. Guia de escaladas da Zona Sul e Ilhas Costeiras do Rio de Janeiro. Rio de Janeiro, 2011.
Morro dos Cabritos,379,Face Sul (Rua Constante Ramos),Genitália,,VIIIc,,,,50,Marcelo 'Pedal Verde' Silva; Ricardo Lima; Ricardo Zugliani,200?,André Ilha; Kika Bradford. Guia de escaladas da Zona Sul e Ilhas Costeiras do Rio de Janeiro. Rio de Janeiro, 2011.
Morro dos Cabritos,379,Face Sul (Rua Constante Ramos),Lá de casa dá pra ver,4,V,,,,135,Marcelo 'Pedal Verde' Silva; Ricardo Lima,200?,André Ilha; Kika Bradford. Guia de escaladas da Zona Sul e Ilhas Costeiras do Rio de Janeiro. Rio de Janeiro, 2011.
Morro dos Cabritos,379,Face Sul (Rua Constante Ramos),Pra galera,3,III,,,,150,Marcelo 'Pedal Verde' Silva; Ricardo Lima,200?,André Ilha; Kika Bradford. Guia de escaladas da Zona Sul e Ilhas Costeiras do Rio de Janeiro. Rio de Janeiro, 2011.
Morro dos Cabritos,379,Face Leste (Túnel Major Rubens Vaz),Au-Au,2,II,,,,,Bruno Cruz; Marcelo Ramos,1984,André Ilha; Kika Bradford. Guia de escaladas da Zona Sul e Ilhas Costeiras do Rio de Janeiro. Rio de Janeiro, 2011.
Morro dos Cabritos,379,Face Nordeste (Rua Santa Clara),Anarquista,,VIIc,A1(2),,,50,Fábio da Silveira; Sérgio Tartari; 1983,André Ilha; Kika Bradford. Guia de escaladas da Zona Sul e Ilhas Costeiras do Rio de Janeiro. Rio de Janeiro, 2011.
Morro dos Cabritos,379,Face Nordeste (Rua Santa Clara),Variante Socialista,,VI,,,,25,Alexandre Portela; Sérgio Tartari; 1983,André Ilha; Kika Bradford. Guia de escaladas da Zona Sul e Ilhas Costeiras do Rio de Janeiro. Rio de Janeiro, 2011.
Morro dos Cabritos,379,Face Nordeste (Rua Santa Clara),Variante Capitalismo Selvagem,,IV,,,,20,André Ilha; Ricardo de Moraes; 10/04/1989,André Ilha; Kika Bradford. Guia de escaladas da Zona Sul e Ilhas Costeiras do Rio de Janeiro. Rio de Janeiro, 2011.
Morro dos Cabritos,379,Face Nordeste (Rua Santa Clara),Chaminé Cinquentenário,4,V,C,,,110,Amauri Dantas; Jorge Poggi,08/11/1969,André Ilha; Kika Bradford. Guia de escaladas da Zona Sul e Ilhas Costeiras do Rio de Janeiro. Rio de Janeiro, 2011.
Morro dos Cabritos,379,Face Nordeste (Rua Santa Clara),Heróis dos Cabritos,3,IV,,,E3,100,Gideão 'Xaropinho' Mello; Stephany Rayol,14/12/2010,André Ilha; Kika Bradford. Guia de escaladas da Zona Sul e Ilhas Costeiras do Rio de Janeiro. Rio de Janeiro, 2011.
Morro da Catacumba,131,Face Norte/Noroeste (Platô da Lagoa),Fazendo a cabeça,,VIIa,,,,15,André 'Rato Kühner; Júlio Campanella,05/04/2002,André Ilha; Kika Bradford. Guia de escaladas da Zona Sul e Ilhas Costeiras do Rio de Janeiro. Rio de Janeiro, 2011.
Morro da Catacumba,131,Face Norte/Noroeste (Platô da Lagoa),Veias abertas,5,VIIb/c,,,,75,Bruno Menescal; Sérgio Tartari; André Ilha; Lúcia Duarte,13/10/1991,André Ilha; Kika Bradford. Guia de escaladas da Zona Sul e Ilhas Costeiras do Rio de Janeiro. Rio de Janeiro, 2011.
Morro da Catacumba,131,Face Norte/Noroeste (Platô da Lagoa),Lagoa Rasta,,VIIc,,,,60,Júlio Campanella; Marcelo 'Pedal Verde' Silva,29/08/2000,André Ilha; Kika Bradford. Guia de escaladas da Zona Sul e Ilhas Costeiras do Rio de Janeiro. Rio de Janeiro, 2011.
Morro da Catacumba,131,Face Norte/Noroeste (Platô da Lagoa),Variante Lagoa Rasta,,VIIIa,,,,6,Gabriel Queiroz; Pedro Kerouac,13/10/2008,André Ilha; Kika Bradford. Guia de escaladas da Zona Sul e Ilhas Costeiras do Rio de Janeiro. Rio de Janeiro, 2011.
Morro da Catacumba,131,Face Norte/Noroeste (Platô da Lagoa),Monstro da Lagoa Negra,,Xa,,,,10,Luis Cláudio 'Ralf' Cortes; Marcelo Braga; Daniel Hans 'Coçada',03/2003,André Ilha; Kika Bradford. Guia de escaladas da Zona Sul e Ilhas Costeiras do Rio de Janeiro. Rio de Janeiro, 2011.
Morro da Catacumba,131,Face Norte/Noroeste (Platô da Lagoa),Três porquinhos,,VIsup,,,,7,,,André Ilha; Kika Bradford. Guia de escaladas da Zona Sul e Ilhas Costeiras do Rio de Janeiro. Rio de Janeiro, 2011.
Morro da Catacumba,131,Face Norte/Noroeste (Platô da Lagoa),Execução penal,,IXa,,,,12,Flávio Leone; André Araújo; Charles Weksler,17/08/2003,André Ilha; Kika Bradford. Guia de escaladas da Zona Sul e Ilhas Costeiras do Rio de Janeiro. Rio de Janeiro, 2011.
Morro da Catacumba,131,Face Norte/Noroeste (Platô da Lagoa),Lagoa Rasta,,VIIc,,,,60,Júlio Campanella; Marcelo 'Pedal Verde' Silva,29/08/2000,André Ilha; Kika Bradford. Guia de escaladas da Zona Sul e Ilhas Costeiras do Rio de Janeiro. Rio de Janeiro, 2011.
Morro da Catacumba,131,Face Norte/Noroeste (Platô da Lagoa),Cristais canibais,,VIIb,,,,40,André Ilha; Eduardo Cabral,29/04/1993,André Ilha; Kika Bradford. Guia de escaladas da Zona Sul e Ilhas Costeiras do Rio de Janeiro. Rio de Janeiro, 2011.
Morro da Catacumba,131,Face Norte/Noroeste (Platô da Lagoa),Variante Renascido das Cinzas,,Vsup,,,,30,Gustavo Sampaio; Márcio Menezes; Pierre Guerry; André Ilha; Kika Bradford; Gabriela Saliba, 14/04/2009,André Ilha; Kika Bradford. Guia de escaladas da Zona Sul e Ilhas Costeiras do Rio de Janeiro. Rio de Janeiro, 2011.
Morro da Catacumba,131,Face Norte/Noroeste (Platô da Lagoa),Variante Quebra-Nozes,,VIIb,,,,20,André 'Batata' Padrenosso; Leandro Chen; Marcos 'Kiko' Araújo, 01/05/2010,André Ilha; Kika Bradford. Guia de escaladas da Zona Sul e Ilhas Costeiras do Rio de Janeiro. Rio de Janeiro, 2011.
Morro da Catacumba,131,Face Norte/Noroeste (Platô da Lagoa),Maldita,,VIIa,,,,23,André 'Rato' Kühner; Gabriela Saliba; José Carlos 'Leleco' Leal,01/2002,André Ilha; Kika Bradford. Guia de escaladas da Zona Sul e Ilhas Costeiras do Rio de Janeiro. Rio de Janeiro, 2011.
Morro da Catacumba,131,Face Norte/Noroeste (Platô da Lagoa),Prusquistão em casa,,IVsup,,,,23,André 'Rato' Kühner; Nilton Campos,10/2003,André Ilha; Kika Bradford. Guia de escaladas da Zona Sul e Ilhas Costeiras do Rio de Janeiro. Rio de Janeiro, 2011.
Morro da Catacumba,131,Face Norte/Noroeste (Platô da Lagoa),Melzinho da Lagoa,,VIsup,,,,15,Antônio 'Tonico' Magalhães; Juliano Magalhães,01/01/2010,André Ilha; Kika Bradford. Guia de escaladas da Zona Sul e Ilhas Costeiras do Rio de Janeiro. Rio de Janeiro, 2011.
Pedra do Urubu,111,Face Norte (Lagoa/Fonte da Saudade),Pequena Notável,,VI,,,,30,André Ilha; Lúcia Duarte,24/03/1984,André Ilha; Kika Bradford. Guia de escaladas da Zona Sul e Ilhas Costeiras do Rio de Janeiro. Rio de Janeiro, 2011.
Morro da Saudade,244,Falésia do Humaitá,O psicopata,,II,,,E2/3,20,André Ilha; Christian 'Tita' Steinhauser; Rodrigo Guardatti; Daniel Toffoli,10/02/2007,André Ilha; Kika Bradford. Guia de escaladas da Zona Sul e Ilhas Costeiras do Rio de Janeiro. Rio de Janeiro, 2011.
Morro da Saudade,244,Falésia do Humaitá,Humaitá verde,,VI,,,,20,André Ilha; Christian 'Tita' Steinhauser; Rodrigo Guardatti; Daniel Toffoli,10/02/2007,André Ilha; Kika Bradford. Guia de escaladas da Zona Sul e Ilhas Costeiras do Rio de Janeiro. Rio de Janeiro, 2011.
Morro do Cantagalo,201,Face Nordeste (Túnel Sá Freire Alvim),1990,4,V,,,E2/3,145,Alcino Falcão; Edilson 'Tilo' Catarino,01/1990,André Ilha; Kika Bradford. Guia de escaladas da Zona Sul e Ilhas Costeiras do Rio de Janeiro. Rio de Janeiro, 2011.
Morro do Cantagalo,201,Face Nordeste (Túnel Sá Freire Alvim),Walmir de Castro,4,IVsup,,,,60,Fernando de Andrade; Hamilton Maciel; Válter Martins,16/11/1952,André Ilha; Kika Bradford. Guia de escaladas da Zona Sul e Ilhas Costeiras do Rio de Janeiro. Rio de Janeiro, 2011.
Morro do Cantagalo,201,Face Norte (Rua Percy Murray),A Corrida do Ouro,,VIsup,,,E3/4,50,Autor desconhecido; Pedro 'Pow' Aragão; Ricardo de Moraes,28/02/2002,André Ilha; Kika Bradford. Guia de escaladas da Zona Sul e Ilhas Costeiras do Rio de Janeiro. Rio de Janeiro, 2011.
Morro do Cantagalo,201,Face Norte (Rua Percy Murray),Variante Sem nome,,III,,,,15,,,André Ilha; Kika Bradford. Guia de escaladas da Zona Sul e Ilhas Costeiras do Rio de Janeiro. Rio de Janeiro, 2011.
Morro do Cantagalo,201,Face Norte (Rua Percy Murray),Variante Cigarettes,,IVsup,,,,35,Gustavo Sampaio; Márcio Argolo,08/2001,André Ilha; Kika Bradford. Guia de escaladas da Zona Sul e Ilhas Costeiras do Rio de Janeiro. Rio de Janeiro, 2011.
Morro do Cantagalo,201,Face Norte (Rua Percy Murray),Calis,5,VI,,,E2/E3,100,Carlos Alexandre; Felis Pires; Daniel Towersey; Gustavo Sampaio,12/2000,André Ilha; Kika Bradford. Guia de escaladas da Zona Sul e Ilhas Costeiras do Rio de Janeiro. Rio de Janeiro, 2011.
Morro do Cantagalo,201,Face Norte (Rua Percy Murray),Chaminé do Prego,2,III,,,,55,Fritz Reuter; Haroldo Penna,22/11/1931,André Ilha; Kika Bradford. Guia de escaladas da Zona Sul e Ilhas Costeiras do Rio de Janeiro. Rio de Janeiro, 2011.
Morro do Cantagalo,201,Face Norte (Rua Percy Murray),El Cracatón Cracato,,,A2+,,,60,Eduardo 'Barão' Ribeiro; Júlio Campanella; Arthur Esteves; Kika Bradford,05/05/2009,André Ilha; Kika Bradford. Guia de escaladas da Zona Sul e Ilhas Costeiras do Rio de Janeiro. Rio de Janeiro, 2011.
Morro do Cantagalo,201,Face Norte (Rua Percy Murray),Liga da Justiça,,,A2+,,,30,Kika Bradford; Pedro Bugim,25/10/2008,André Ilha; Kika Bradford. Guia de escaladas da Zona Sul e Ilhas Costeiras do Rio de Janeiro. Rio de Janeiro, 2011.
Morro do Cantagalo,201,Face Norte (Rua Percy Murray),Variante Chaminé do Prego,,VI(A0/VIIa),,,E3,25,,,André Ilha; Kika Bradford. Guia de escaladas da Zona Sul e Ilhas Costeiras do Rio de Janeiro. Rio de Janeiro, 2011.
Morro do Cantagalo,201,Face Norte (Rua Percy Murray),The Hole is Lower,,VIIa,,,,45,Flávio 'Bagre' Carneiro; Gustavo Sampaio,15/03/2001,André Ilha; Kika Bradford. Guia de escaladas da Zona Sul e Ilhas Costeiras do Rio de Janeiro. Rio de Janeiro, 2011.
Morro do Cantagalo,201,Face Norte (Rua Percy Murray),Variante Gilberto Coutinho,,III,,,,25,Antônio da Cunha; Etzel Von Stockert; José 'Tião' Sebastião; Raimundo Minchetti,17/07/1960,André Ilha; Kika Bradford. Guia de escaladas da Zona Sul e Ilhas Costeiras do Rio de Janeiro. Rio de Janeiro, 2011.
Morro do Cantagalo,201,Face Norte (Rua Percy Murray),Litle Black Fuck,,VIsup,,,,20,Flávio Leone; Márcio Gonçalves,28/04/2010,André Ilha; Kika Bradford. Guia de escaladas da Zona Sul e Ilhas Costeiras do Rio de Janeiro. Rio de Janeiro, 2011.
Morro do Cantagalo,201,Face Norte (Rua Percy Murray),Teoria da Linha Reta,,VII(3),,,,15,André Almeida; Flávio Leone,13/10/2006,André Ilha; Kika Bradford. Guia de escaladas da Zona Sul e Ilhas Costeiras do Rio de Janeiro. Rio de Janeiro, 2011.
Morro do Cantagalo,201,Face Norte (Rua Percy Murray),Variante Arduíno Sabóia Amorim,,IVsup(A0/VI, C/VIIb),,,,35,Aluízio Borges; Gilberto D'Urso; Hélio Prefeitinho; Henry Occhioni; Jayme Moura e Silva; Jessé Ferreira; José Carlos Pinto; Mário de Castro; Oscar da Silva; Raphael de Assis,18/07/1965,André Ilha; Kika Bradford. Guia de escaladas da Zona Sul e Ilhas Costeiras do Rio de Janeiro. Rio de Janeiro, 2011.
Morro do Cantagalo,201,Face Norte (Rua Percy Murray),Chaminé do Morcego,,IIsup,,,,45,Fritz Reuter; Haroldo Penna; Rudolph Dietrich,29/11/1931,André Ilha; Kika Bradford. Guia de escaladas da Zona Sul e Ilhas Costeiras do Rio de Janeiro. Rio de Janeiro, 2011.
Morro do Cantagalo,201,Face Norte (Rua Presidente Afonso Lopes),Porco-espinho,,V,,,,20,André 'Rato' Kühner; Nilton Campos,30/01/2004,André Ilha; Kika Bradford. Guia de escaladas da Zona Sul e Ilhas Costeiras do Rio de Janeiro. Rio de Janeiro, 2011.
Morro do Cantagalo,201,Face Norte (Rua Presidente Afonso Lopes),Donos do nada,,VIsup,,,,13,André 'Rato' Kühner; José Carlos 'Leleco' Leal,06/01/2004,André Ilha; Kika Bradford. Guia de escaladas da Zona Sul e Ilhas Costeiras do Rio de Janeiro. Rio de Janeiro, 2011.
Morro do Cantagalo,201,Face Norte (Rua Presidente Afonso Lopes),Variante Infiéis,,VIsup,,,,20,André Ilha; Gabriel Fonseca,20/08/1994,André Ilha; Kika Bradford. Guia de escaladas da Zona Sul e Ilhas Costeiras do Rio de Janeiro. Rio de Janeiro, 2011.
Morro do Cantagalo,201,Face Norte (Rua Presidente Afonso Lopes),Porcos guerreiros,,VII,,,,30,André Ilha; Pedro 'Pow' Aragão,27/01/2002,André Ilha; Kika Bradford. Guia de escaladas da Zona Sul e Ilhas Costeiras do Rio de Janeiro. Rio de Janeiro, 2011.
Morro do Cantagalo,201,Face Norte (Rua Presidente Afonso Lopes),Variante Porcos Safados,,VIIb,,,,8,André 'Rato' Kühner; Luís Cláudio 'Ralf' Cortes; Nilton Campos,12/2003,André Ilha; Kika Bradford. Guia de escaladas da Zona Sul e Ilhas Costeiras do Rio de Janeiro. Rio de Janeiro, 2011.
Morro do Cantagalo,201,Face Norte (Rua Presidente Afonso Lopes),Variante Trigramps,,IVsup,,,,15,Autor Desconhecido,,André Ilha; Kika Bradford. Guia de escaladas da Zona Sul e Ilhas Costeiras do Rio de Janeiro. Rio de Janeiro, 2011.
Morro do Cantagalo,201,Face Norte (Rua Presidente Afonso Lopes),Guilherme,,VIIb,,,,25,Guilherme Ribeiro; José Roberto Costa; Waldemar 'Waldo' Guimarães,1965,André Ilha; Kika Bradford. Guia de escaladas da Zona Sul e Ilhas Costeiras do Rio de Janeiro. Rio de Janeiro, 2011.
Morro do Cantagalo,201,Face Norte (Rua Presidente Afonso Lopes),Chaminé do Funil,2,III,,,,50,Fritz Reuter; Haroldo Penna,22/11/1931,André Ilha; Kika Bradford. Guia de escaladas da Zona Sul e Ilhas Costeiras do Rio de Janeiro. Rio de Janeiro, 2011.
Morro do Cantagalo,201,Face Norte (Rua Presidente Afonso Lopes),Mangangá,,IVsup,,,E3,40,Aline Rezende; Bruno Gandelman; Gustavo Sampaio,2000,André Ilha; Kika Bradford. Guia de escaladas da Zona Sul e Ilhas Costeiras do Rio de Janeiro. Rio de Janeiro, 2011.
Morro do Cantagalo,201,Face Norte (Rua Presidente Afonso Lopes),Alpamayo,4,VIsup,,,,75,André Ilha; Anthony 'Tony' Adler,24/02/1979,André Ilha; Kika Bradford. Guia de escaladas da Zona Sul e Ilhas Costeiras do Rio de Janeiro. Rio de Janeiro, 2011.
Morro do Cantagalo,201,Face Norte (Rua Presidente Afonso Lopes),Achados e Perdidos,,V,,,,25,André 'Rato' Kühner; Fernando Sabioni; Nilton Campos,17/01/2004,André Ilha; Kika Bradford. Guia de escaladas da Zona Sul e Ilhas Costeiras do Rio de Janeiro. Rio de Janeiro, 2011.
Morro do Cantagalo,201,Face Norte (Rua Presidente Afonso Lopes),Meia-sola,,IVsup,,,E3,20,Marco 'Skaninho' Piffer; Nilton Campos,24/01/2004,André Ilha; Kika Bradford. Guia de escaladas da Zona Sul e Ilhas Costeiras do Rio de Janeiro. Rio de Janeiro, 2011.
Morro do Cantagalo,201,Face Norte (Rua Presidente Afonso Lopes),Tá pronto,,V,,,E2/3,30,André 'Rato' Kühner; Nilton Campos,14/01/2004,André Ilha; Kika Bradford. Guia de escaladas da Zona Sul e Ilhas Costeiras do Rio de Janeiro. Rio de Janeiro, 2011.
Morro do Cantagalo,201,Face Norte (Rua Presidente Afonso Lopes),Vertigem,,Vsup,,,,40,Flávio Leone; Márcio Gonçalves,28/04/2010,André Ilha; Kika Bradford. Guia de escaladas da Zona Sul e Ilhas Costeiras do Rio de Janeiro. Rio de Janeiro, 2011.
Morro do Cantagalo,201,Face Norte (Rua Presidente Afonso Lopes),Adrenalina Mil,5,VIIa,,,,85,Luciano Perez; Luis Octávio 'Tavinho' Cardozo;Mário Arnauld;Maurício Mota; Nelson Machado,1988,André Ilha; Kika Bradford. Guia de escaladas da Zona Sul e Ilhas Costeiras do Rio de Janeiro. Rio de Janeiro, 2011.
Morro do Cantagalo,201,Face Norte (Rua Presidente Afonso Lopes),Urbanóide,4,V,,,E2/3,105,Carlos Alexandre; Giovanni Tartari; Marcelo Braga; Sérgio Tartari,29/08/1983,André Ilha; Kika Bradford. Guia de escaladas da Zona Sul e Ilhas Costeiras do Rio de Janeiro. Rio de Janeiro, 2011.
Morro do Cantagalo,201,Face Norte (Rua Presidente Afonso Lopes),Variante Direta,,V,,,,20,Flávio Daflon; Márcio Carrilho,2004,André Ilha; Kika Bradford. Guia de escaladas da Zona Sul e Ilhas Costeiras do Rio de Janeiro. Rio de Janeiro, 2011.
Morro do Cantagalo,201,Face Norte (Rua Presidente Afonso Lopes),Lembranças de um passado,4,V,,,,105,Júlio Campanella; Paulo Oliveira; Felipe 'Felipinho' Assad; Lino,21/09/2001,André Ilha; Kika Bradford. Guia de escaladas da Zona Sul e Ilhas Costeiras do Rio de Janeiro. Rio de Janeiro, 2011.
Morro do Cantagalo,201,Face Norte (Rua Presidente Afonso Lopes),22 de outubro,4,V,,,,100,Leandro Chen; Rafael Wojcik,24/10/2001,André Ilha; Kika Bradford. Guia de escaladas da Zona Sul e Ilhas Costeiras do Rio de Janeiro. Rio de Janeiro, 2011.
Morro do Cantagalo,201,Face Norte (Rua Presidente Afonso Lopes),Gasparito,4,IVsup,,,,135,Cid Villar; José 'Camelô' Lozada; Jorge 'JL' Luiz; Luis Octávio 'Tavinho' Cardozo; Maurício Mota,1986,André Ilha; Kika Bradford. Guia de escaladas da Zona Sul e Ilhas Costeiras do Rio de Janeiro. Rio de Janeiro, 2011.
Morro do Cantagalo,201,Face Norte (Rua Presidente Afonso Lopes),Carlos Alexandre,3,III,,,E2/3,170,Luis Octávio 'Tavinho' Cardozo; Maurício Mota,1978,André Ilha; Kika Bradford. Guia de escaladas da Zona Sul e Ilhas Costeiras do Rio de Janeiro. Rio de Janeiro, 2011.
Morro do Cantagalo,201,Face Norte (Rua Presidente Afonso Lopes),Falcão à espreita,4,IVsup,,,E3,100,Alcino Falcão; André Kühner; Leandro Chen; Rodrigo Molina,2004,André Ilha; Kika Bradford. Guia de escaladas da Zona Sul e Ilhas Costeiras do Rio de Janeiro. Rio de Janeiro, 2011.
Morro do Cantagalo,201,Face Norte (Rua Presidente Afonso Lopes),Variante de Carlos Alexandre,,III,,,,40,Luis Octávio 'Tavinho' Cardozo; Maurício Mota,1978,André Ilha; Kika Bradford. Guia de escaladas da Zona Sul e Ilhas Costeiras do Rio de Janeiro. Rio de Janeiro, 2011.
Morro do Cantagalo,201,Face Norte (Rua Presidente Afonso Lopes),Caverna de cristal,4,VI,,,,140,Fernando Vieira; Juliano Lindner; Flávia Maximo,10/08/2001,André Ilha; Kika Bradford. Guia de escaladas da Zona Sul e Ilhas Costeiras do Rio de Janeiro. Rio de Janeiro, 2011.
Morro do Cantagalo,201,Face Norte (Rua Presidente Afonso Lopes),Brilho da noite,3,IIIsup,,,,120,Fernando Vieira; Juliano Lindner,17/01/2001,André Ilha; Kika Bradford. Guia de escaladas da Zona Sul e Ilhas Costeiras do Rio de Janeiro. Rio de Janeiro, 2011.
Morro do Cantagalo,201,Face Norte (Rua Presidente Afonso Lopes),Paixão de Cris,3,IIIsup,,,,90,Dalton Chiarelli; Juratan Câmara; Marco Vidon; Pedro Caliano,1987,André Ilha; Kika Bradford. Guia de escaladas da Zona Sul e Ilhas Costeiras do Rio de Janeiro. Rio de Janeiro, 2011.
Morro do Cantagalo,201,Face Norte (Rua Presidente Afonso Lopes),Labirintite,4,IVsup,,,,100,Fábio Serfaty; Márcio Carrilho,2002,André Ilha; Kika Bradford. Guia de escaladas da Zona Sul e Ilhas Costeiras do Rio de Janeiro. Rio de Janeiro, 2011.
Morro do Cantagalo,201,Face Norte (Rua Presidente Afonso Lopes),Rumores da Algazarra,3,Vsup,,,,100,Jorge Schubert; Renato Souto,10/09/1988,André Ilha; Kika Bradford. Guia de escaladas da Zona Sul e Ilhas Costeiras do Rio de Janeiro. Rio de Janeiro, 2011.
Morro do Cantagalo,201,Face Norte (Rua Presidente Afonso Lopes),Via Láctea,2,IIIsup,,,,95,Benito Esteves; José 'Camelô' Lozada; Pedro Caliano; Renato Souto; Roberto Luiz 'Puú' Souza; Wagner Lozada,26/06/1980,André Ilha; Kika Bradford. Guia de escaladas da Zona Sul e Ilhas Costeiras do Rio de Janeiro. Rio de Janeiro, 2011.
Morro do Cantagalo,201,Face Norte (Rua Presidente Afonso Lopes),Guanabara,2,IV,,,,95,Benito Esteves; José 'Camelô' Lozada; Juratan Câmara; Renato Souto,02/02/1979,André Ilha; Kika Bradford. Guia de escaladas da Zona Sul e Ilhas Costeiras do Rio de Janeiro. Rio de Janeiro, 2011.
Pedreira da Rua Aníbal Moreira,36,Campo Escola de Escalada da Aníbal Moreira,Mandei um barro,,IV,,,,10,Alexandre Faia,03/2011,Pedro Bugim. Blog do Bugim. Acessado em: https://www.blogdobugim.com/post/invas%C3%A3o-na-pedreira-da-rua-dr-anibal-moreira
Pedreira da Rua Aníbal Moreira,36,Campo Escola de Escalada da Aníbal Moreira,Os Amanayés,,IV,,,,15,Alexandre Faia,02/2011,Pedro Bugim. Blog do Bugim. Acessado em: https://www.blogdobugim.com/post/invas%C3%A3o-na-pedreira-da-rua-dr-anibal-moreira
Pedreira da Rua Aníbal Moreira,36,Campo Escola de Escalada da Aníbal Moreira,Variante Boa sorte Marianne,,IV,,,,5,Alexandre Faia,02/2011,Pedro Bugim. Blog do Bugim. Acessado em: https://www.blogdobugim.com/post/invas%C3%A3o-na-pedreira-da-rua-dr-anibal-moreira
Pedreira da Rua Aníbal Moreira,36,Campo Escola de Escalada da Aníbal Moreira,Noite e dia,,VIIa,,,,20,Pedro Bugim; Maria Fernanda Patrício,15/07/2012,Pedro Bugim. Blog do Bugim. Acessado em: https://www.blogdobugim.com/post/invas%C3%A3o-na-pedreira-da-rua-dr-anibal-moreira
Pedreira da Rua Aníbal Moreira,36,Campo Escola de Escalada da Aníbal Moreira,Sulamita,,VIsup,,,,20,Paulo 'Macaco',1997,Pedro Bugim. Blog do Bugim. Acessado em: https://www.blogdobugim.com/post/invas%C3%A3o-na-pedreira-da-rua-dr-anibal-moreira
Pedreira da Rua Aníbal Moreira,36,Campo Escola de Escalada da Aníbal Moreira,Livrai-me de mim mesmo,,IV,,,,20,Alexandre Faia; Ricardo Almeida,04/2011,Pedro Bugim. Blog do Bugim. Acessado em: https://www.blogdobugim.com/post/invas%C3%A3o-na-pedreira-da-rua-dr-anibal-moreira
Pedreira da Rua Aníbal Moreira,36,Campo Escola de Escalada da Aníbal Moreira,Retinha do Graal,,Vsup,,,,15,Eduardo '47',03/2011,Pedro Bugim. Blog do Bugim. Acessado em: https://www.blogdobugim.com/post/invas%C3%A3o-na-pedreira-da-rua-dr-anibal-moreira
Pedreira da Rua Aníbal Moreira,36,Campo Escola de Escalada da Aníbal Moreira,As bolas do Wilson,,IIsup,,,,20,Pedro Bugim; Sérgio 'Garfield',21/04/2011,Pedro Bugim. Blog do Bugim. Acessado em: https://www.blogdobugim.com/post/invas%C3%A3o-na-pedreira-da-rua-dr-anibal-moreira
Pedreira da Rua Aníbal Moreira,36,Campo Escola de Escalada da Aníbal Moreira,23 de abril,,IIIsup,,,,20,Pedro Bugim;Laura Petroni; João Pedro Vergnano,23/04/2019,Pedro Bugim. Blog do Bugim. Acessado em: https://www.blogdobugim.com/post/invas%C3%A3o-na-pedreira-da-rua-dr-anibal-moreira
Pedreira da Rua Aníbal Moreira,36,Campo Escola de Escalada da Aníbal Moreira,Vovô Abílio foi às compras,,IVsup,,,,15,Alexandre Faia; Ricardo Almeida,03/2011,Pedro Bugim. Blog do Bugim. Acessado em: https://www.blogdobugim.com/post/invas%C3%A3o-na-pedreira-da-rua-dr-anibal-moreira
Pedreira da Rua Aníbal Moreira,36,Campo Escola de Escalada da Aníbal Moreira,Sônia Trote,,III,,,,20,Alexandre Faia; Ricardo Almeida,03/2011,Pedro Bugim. Blog do Bugim. Acessado em: https://www.blogdobugim.com/post/invas%C3%A3o-na-pedreira-da-rua-dr-anibal-moreira
Pedreira da Rua Aníbal Moreira,36,Campo Escola de Escalada da Aníbal Moreira,Saidinha de banco,,III,,,,20,Alexandre Faia; Ricardo Almeida,03/2011,Pedro Bugim. Blog do Bugim. Acessado em: https://www.blogdobugim.com/post/invas%C3%A3o-na-pedreira-da-rua-dr-anibal-moreira
Pedreira da Rua Aníbal Moreira,36,Campo Escola de Escalada da Aníbal Moreira,30 de setembro,,IIIsup,,,,20,Pedro Bugim;Laura Petroni; Carlos Alberto Carrozino,30/09/2018,Pedro Bugim. Blog do Bugim. Acessado em: https://www.blogdobugim.com/post/invas%C3%A3o-na-pedreira-da-rua-dr-anibal-moreira
Pedreira da Rua Aníbal Moreira,36,Campo Escola de Escalada da Aníbal Moreira,13 de outubro,,IVsup,,,,20,Pedro Bugim;Laura Petroni; João Pedro Vergnano,13/10/2019,Pedro Bugim. Blog do Bugim. Acessado em: https://www.blogdobugim.com/post/invas%C3%A3o-na-pedreira-da-rua-dr-anibal-moreira
